vid_num,nonleak_range,Video frame length
2564,196,1462
2559,209,1519
2560,197,1468
2561,199,1471
2562,204,1479
2563,191,1596
1242,185,1466
1237,199,1535
1238,184,1483
1239,185,1523
1240,187,1527
1241,186,1640
2566,198,1464
2567,187,1464
2568,157,1440
2569,197,1465
2570,210,1478
2571,207,1596
2578,206,1468
2579,197,1520
2580,207,1481
2581,208,1549
2582,371,1668
2583,214,1483
1467,198,1481
1468,185,1484
1469,189,1489
1470,183,1493
1471,346,1607
1472,184,1457
1473,181,1445